{
    "type":"Live2D Physics",
    "physics_hair":[
        {
            "label":"hair_front",
            "setup":{
                "length":0.15,
                "regist":0.5,
                "mass":0.1
            },
            "src":[
                {
                    "id":"PARAM_ANGLE_X",
                    "ptype":"x",
                    "scale":0.005,
                    "weight":0.5
                },
                {
                    "id":"PARAM_BODY_ANGLE_X",
                    "ptype":"x",
                    "scale":0.015,
                    "weight":1
                },
                {
                    "id":"PARAM_ANGLE_Z",
                    "ptype":"angle",
                    "scale":0.8,
                    "weight":0.5
                },
                {
                    "id":"PARAM_BODY_ANGLE_Z",
                    "ptype":"angle",
                    "scale":2.4,
                    "weight":1
                }
            ],
            "targets":[
                {
                    "id":"PARAM_HAIR_FRONT",
                    "ptype":"angle",
                    "scale":0.022,
                    "weight":1
                }
            ]
        },
        {
            "label":"hair_side",
            "setup":{
                "length":0.35,
                "regist":0.6,
                "mass":0.22
            },
            "src":[
                {
                    "id":"PARAM_ANGLE_X",
                    "ptype":"x",
                    "scale":0.005,
                    "weight":0.5
                },
                {
                    "id":"PARAM_BODY_ANGLE_X",
                    "ptype":"x",
                    "scale":0.015,
                    "weight":1
                },
                {
                    "id":"PARAM_ANGLE_Z",
                    "ptype":"angle",
                    "scale":0.8,
                    "weight":0.5
                },
                {
                    "id":"PARAM_BODY_ANGLE_Z",
                    "ptype":"angle",
                    "scale":2.4,
                    "weight":1
                }
            ],
            "targets":[
                {
                    "id":"PARAM_HAIR_SIDE",
                    "ptype":"angle",
                    "scale":0.022,
                    "weight":1
                }
            ]
        },
        {
            "label":"hair_back",
            "setup":{
                "length":0.2,
                "regist":0.7,
                "mass":0.25
            },
            "src":[
                {
                    "id":"PARAM_ANGLE_X",
                    "ptype":"x",
                    "scale":0.005,
                    "weight":0.5
                },
                {
                    "id":"PARAM_BODY_ANGLE_X",
                    "ptype":"x",
                    "scale":0.012,
                    "weight":1
                },
                {
                    "id":"PARAM_ANGLE_Z",
                    "ptype":"angle",
                    "scale":0.8,
                    "weight":0.5
                },
                {
                    "id":"PARAM_BODY_ANGLE_Z",
                    "ptype":"angle",
                    "scale":2,
                    "weight":1
                }
            ],
            "targets":[
                {
                    "id":"PARAM_HAIR_BACK",
                    "ptype":"angle",
                    "scale":0.022,
                    "weight":1
                }
            ]
        }
    ]
}